Code Produit,0,1,2,3,4,5,6,7,8,9,10,11,12,13,14,15,16,17,18,19,20,21,22,23,24,25,26,27
100008,100008_a.eps,,,,,,,,,,,,,,,,,,,,,,,,,,,
100011,100011.02.eps,,,,,,,,,,,,,,,,,,,,,,,,,,,
10001102,Aucun fichier trouvé,,,,,,,,,,,,,,,,,,,,,,,,,,,
100060,100060.eps,,,,,,,,,,,,,,,,,,,,,,,,,,,
100248,100248_a.eps,100248_b.eps,,,,,,,,,,,,,,,,,,,,,,,,,,
100249,100249.eps,,,,,,,,,,,,,,,,,,,,,,,,,,,
100454,100454.eps,,,,,,,,,,,,,,,,,,,,,,,,,,,
100462,100462.eps,100462_ens.eps,,,,,,,,,,,,,,,,,,,,,,,,,,
100531,100531.eps,,,,,,,,,,,,,,,,,,,,,,,,,,,
100532,100532.eps,,,,,,,,,,,,,,,,,,,,,,,,,,,
100556,100556.05.eps,100556.05_a.eps,100556.06.eps,100556.06_b.eps,100556.11.eps,100556.11_b.eps,100556.15.eps,100556.15_b.eps,100556.17.eps,100556.19.eps,100556.19_loupe1.eps,100556.22.eps,100556_ens.eps,,,,,,,,,,,,,,,
10055605,Aucun fichier trouvé,,,,,,,,,,,,,,,,,,,,,,,,,,,
10055606,Aucun fichier trouvé,,,,,,,,,,,,,,,,,,,,,,,,,,,
10055611,Aucun fichier trouvé,,,,,,,,,,,,,,,,,,,,,,,,,,,
10055615,Aucun fichier trouvé,,,,,,,,,,,,,,,,,,,,,,,,,,,
10055617,Aucun fichier trouvé,,,,,,,,,,,,,,,,,,,,,,,,,,,
10055619,Aucun fichier trouvé,,,,,,,,,,,,,,,,,,,,,,,,,,,
10055622,Aucun fichier trouvé,,,,,,,,,,,,,,,,,,,,,,,,,,,
100596,100596.02_loupe1.eps,100596.06.eps,100596_loupe1.eps,100596_loupe2.eps,,,,,,,,,,,,,,,,,,,,,,,,
10059606,Aucun fichier trouvé,,,,,,,,,,,,,,,,,,,,,,,,,,,
100642,100642.17.eps,100642_643.eps,100642_loupe.eps,,,,,,,,,,,,,,,,,,,,,,,,,
10064217,Aucun fichier trouvé,,,,,,,,,,,,,,,,,,,,,,,,,,,
100643,100643.17.eps,,,,,,,,,,,,,,,,,,,,,,,,,,,
10064317,Aucun fichier trouvé,,,,,,,,,,,,,,,,,,,,,,,,,,,
100714,100714.06.eps,100714.17.eps,100714.19.eps,100714_ens.eps,100714_Zoom.eps,,,,,,,,,,,,,,,,,,,,,,,
10071406,Aucun fichier trouvé,,,,,,,,,,,,,,,,,,,,,,,,,,,
10071417,Aucun fichier trouvé,,,,,,,,,,,,,,,,,,,,,,,,,,,
10071419,Aucun fichier trouvé,,,,,,,,,,,,,,,,,,,,,,,,,,,
100762,100762.eps,,,,,,,,,,,,,,,,,,,,,,,,,,,
100763,shutterstock_100763614.eps,shutterstock_100763614.jpg,100763.eps,,,,,,,,,,,,,,,,,,,,,,,,,
100789,100789.eps,,,,,,,,,,,,,,,,,,,,,,,,,,,
100792,Aucun fichier trouvé,,,,,,,,,,,,,,,,,,,,,,,,,,,
100793,Aucun fichier trouvé,,,,,,,,,,,,,,,,,,,,,,,,,,,
100898,100898.06.eps,100898.17.eps,100898.19.eps,100898.22.eps,100898.eps,,,,,,,,,,,,,,,,,,,,,,,
10089806,Aucun fichier trouvé,,,,,,,,,,,,,,,,,,,,,,,,,,,
10089817,Aucun fichier trouvé,,,,,,,,,,,,,,,,,,,,,,,,,,,
10089819,Aucun fichier trouvé,,,,,,,,,,,,,,,,,,,,,,,,,,,
10089822,Aucun fichier trouvé,,,,,,,,,,,,,,,,,,,,,,,,,,,
100899,100899.02.eps,100899.02_a.eps,100899.02_b.eps,100899.02_c.eps,,,,,,,,,,,,,,,,,,,,,,,,
10089902,Aucun fichier trouvé,,,,,,,,,,,,,,,,,,,,,,,,,,,
101217,101217_b.eps,,,,,,,,,,,,,,,,,,,,,,,,,,,
101218,101218_b.eps,,,,,,,,,,,,,,,,,,,,,,,,,,,
101260,101260_a.eps,101260_amb.eps,,,,,,,,,,,,,,,,,,,,,,,,,,
101380,101380.eps,,,,,,,,,,,,,,,,,,,,,,,,,,,
101465,Aucun fichier trouvé,,,,,,,,,,,,,,,,,,,,,,,,,,,
101466,101466.eps,,,,,,,,,,,,,,,,,,,,,,,,,,,
101467,101467.eps,,,,,,,,,,,,,,,,,,,,,,,,,,,
101492,101492.eps,,,,,,,,,,,,,,,,,,,,,,,,,,,
101614,Aucun fichier trouvé,,,,,,,,,,,,,,,,,,,,,,,,,,,
102081,102081_82.eps,,,,,,,,,,,,,,,,,,,,,,,,,,,
102082,Aucun fichier trouvé,,,,,,,,,,,,,,,,,,,,,,,,,,,
102083,102083.eps,,,,,,,,,,,,,,,,,,,,,,,,,,,
102276,102276.eps,102276.eps,,,,,,,,,,,,,,,,,,,,,,,,,,
102579,102579_a.eps,102579_b.eps,,,,,,,,,,,,,,,,,,,,,,,,,,
102586,102586_a.eps,,,,,,,,,,,,,,,,,,,,,,,,,,,
102609,102609.eps,102609_a.eps,102609_amb1.eps,,,,,,,,,,,,,,,,,,,,,,,,,
102612,102612.eps,102612_a.eps,102612_amb1.eps,102612_amb2.eps,,,,,,,,,,,,,,,,,,,,,,,,
102616,102616.eps,102616.eps,102616_a.eps,102616_amb1.eps,,,,,,,,,,,,,,,,,,,,,,,,
102619,102619.eps,102619.eps,102619_a.eps,,,,,,,,,,,,,,,,,,,,,,,,,
102620,102620.eps,102620.eps,102620_a.eps,,,,,,,,,,,,,,,,,,,,,,,,,
102621,102621.eps,102621.eps,102621_a.eps,,,,,,,,,,,,,,,,,,,,,,,,,
102629,102629.eps,102629_a.eps,102629_amb1.eps,102629_amb2.eps,,,,,,,,,,,,,,,,,,,,,,,,
102781,102781.eps,102781_croquis.eps,,,,,,,,,,,,,,,,,,,,,,,,,,
102782,102782.eps,,,,,,,,,,,,,,,,,,,,,,,,,,,
102822,102822_120197.eps,102822_croquis.eps,,,,,,,,,,,,,,,,,,,,,,,,,,
102823,102823_120200.eps,,,,,,,,,,,,,,,,,,,,,,,,,,,
102827,102827.eps,102827_a.eps,102827_b.eps,,,,,,,,,,,,,,,,,,,,,,,,,
102898,102898.eps,102898_a.eps,102898_b.eps,102898_c.eps,,,,,,,,,,,,,,,,,,,,,,,,
104236,104236.eps,104236_a.eps,,,,,,,,,,,,,,,,,,,,,,,,,,
104237,Aucun fichier trouvé,,,,,,,,,,,,,,,,,,,,,,,,,,,
105326,105326.eps,105326_325_a.eps,105326_325_b.eps,,,,,,,,,,,,,,,,,,,,,,,,,
105328,105328.eps,,,,,,,,,,,,,,,,,,,,,,,,,,,
105329,105329.eps,,,,,,,,,,,,,,,,,,,,,,,,,,,
105336,105336.eps,105336_ferme.eps,105336_ouvert.eps,,,,,,,,,,,,,,,,,,,,,,,,,
105379,105379.06_a.eps,105379.06_b.eps,105379.06_c.eps,105379.06_d.eps,105379.15.eps,105379.15_a.eps,105379.18_a.eps,105379.18_b.eps,105379.20_a.eps,105379.20_b.eps,105379.20_c.eps,105379.20_d.eps,105379.23_a.eps,105379.23_b.eps,105379.23_c.eps,105379.23_d.eps,105379.25_a.eps,105379.25_b.eps,105379.25_c.eps,105379.25_d.eps,105379.29_a.eps,105379.29_b.eps,105379.29_c.eps,105379.29_d.eps,105379.eps,105379_ens.eps,,
10537906,Aucun fichier trouvé,,,,,,,,,,,,,,,,,,,,,,,,,,,
10537915,Aucun fichier trouvé,,,,,,,,,,,,,,,,,,,,,,,,,,,
10537920,Aucun fichier trouvé,,,,,,,,,,,,,,,,,,,,,,,,,,,
10537923,Aucun fichier trouvé,,,,,,,,,,,,,,,,,,,,,,,,,,,
10537925,Aucun fichier trouvé,,,,,,,,,,,,,,,,,,,,,,,,,,,
10537929,Aucun fichier trouvé,,,,,,,,,,,,,,,,,,,,,,,,,,,
105486,105486.02.eps,105486.02_a.eps,,,,,,,,,,,,,,,,,,,,,,,,,,
10548602,Aucun fichier trouvé,,,,,,,,,,,,,,,,,,,,,,,,,,,
105487,105487.02.eps,105487.02_b.eps,105487_sit1.eps,,,,,,,,,,,,,,,,,,,,,,,,,
10548702,Aucun fichier trouvé,,,,,,,,,,,,,,,,,,,,,,,,,,,
105503,Aucun fichier trouvé,,,,,,,,,,,,,,,,,,,,,,,,,,,
105522,105522.06_a.eps,105522.06_b.eps,105522.06_c.eps,105522.08_a.eps,105522.08_b.eps,105522.09.eps,105522.11.eps,105522.11_a.eps,105522.11_b.eps,105522.14.eps,105522.14_a.eps,105522.14_b.eps,105522.15.eps,105522.15_a.eps,105522.15_b.eps,105522.17.eps,105522.17_a.eps,105522.17_b.eps,105522.19.eps,105522.19_a.eps,105522.19_b.eps,105522.23.eps,105522.24.eps,105522.24_a.eps,105522.24_b.eps,105522_ens.eps,105522_sit1.eps,105522_sit2.eps
10552206,Aucun fichier trouvé,,,,,,,,,,,,,,,,,,,,,,,,,,,
10552208,Aucun fichier trouvé,,,,,,,,,,,,,,,,,,,,,,,,,,,
10552211,Aucun fichier trouvé,,,,,,,,,,,,,,,,,,,,,,,,,,,
10552214,Aucun fichier trouvé,,,,,,,,,,,,,,,,,,,,,,,,,,,
10552215,Aucun fichier trouvé,,,,,,,,,,,,,,,,,,,,,,,,,,,
10552217,Aucun fichier trouvé,,,,,,,,,,,,,,,,,,,,,,,,,,,
10552219,Aucun fichier trouvé,,,,,,,,,,,,,,,,,,,,,,,,,,,
10552223,Aucun fichier trouvé,,,,,,,,,,,,,,,,,,,,,,,,,,,
105737,105737.eps,,,,,,,,,,,,,,,,,,,,,,,,,,,
106371,106371.eps,106371_a.eps,,,,,,,,,,,,,,,,,,,,,,,,,,
106591,106591.eps,106591_a.eps,,,,,,,,,,,,,,,,,,,,,,,,,,
106606,106606_a.eps,106606_b.eps,,,,,,,,,,,,,,,,,,,,,,,,,,
106937,106937.eps,,,,,,,,,,,,,,,,,,,,,,,,,,,
106940,106940.eps,106940.eps,,,,,,,,,,,,,,,,,,,,,,,,,,
106948,106948.eps,,,,,,,,,,,,,,,,,,,,,,,,,,,
106949,106949.eps,,,,,,,,,,,,,,,,,,,,,,,,,,,
106959,106959.eps,,,,,,,,,,,,,,,,,,,,,,,,,,,
106963,106963.eps,,,,,,,,,,,,,,,,,,,,,,,,,,,
106964,106964_a.eps,106964_b.eps,,,,,,,,,,,,,,,,,,,,,,,,,,
107055,107055_056_058_loupe1.eps,107055_056_058_loupe2.eps,107055_056_058_loupe3.eps,107055_a.eps,107055_b.eps,107055_sit1.eps,,,,,,,,,,,,,,,,,,,,,,
107057,107057.eps,107057_sit1.eps,,,,,,,,,,,,,,,,,,,,,,,,,,
107058,107058.eps,107058_sit1.eps,,,,,,,,,,,,,,,,,,,,,,,,,,
107336,107336.eps,107336.eps,,,,,,,,,,,,,,,,,,,,,,,,,,
107471,107471.eps,,,,,,,,,,,,,,,,,,,,,,,,,,,
107472,107472.eps,,,,,,,,,,,,,,,,,,,,,,,,,,,
107473,107473.eps,,,,,,,,,,,,,,,,,,,,,,,,,,,
107474,107474.eps,,,,,,,,,,,,,,,,,,,,,,,,,,,
107475,107475.eps,,,,,,,,,,,,,,,,,,,,,,,,,,,
107476,107476.eps,,,,,,,,,,,,,,,,,,,,,,,,,,,
107477,107477.eps,,,,,,,,,,,,,,,,,,,,,,,,,,,
107478,107478.eps,,,,,,,,,,,,,,,,,,,,,,,,,,,
107483,107483.eps,,,,,,,,,,,,,,,,,,,,,,,,,,,
107484,107484.eps,,,,,,,,,,,,,,,,,,,,,,,,,,,
107507,107507.eps,107507_a.eps,,,,,,,,,,,,,,,,,,,,,,,,,,
107508,107508.eps,107508_a.eps,,,,,,,,,,,,,,,,,,,,,,,,,,
107677,shutterstock_107677052.jpg,107677.eps,,,,,,,,,,,,,,,,,,,,,,,,,,
107898,107898.06.eps,107898.06_a.eps,107898.15.eps,107898.15_a.eps,107898.18.eps,107898.18_a.eps,107898.22.eps,107898.22_a.eps,107898.25.eps,107898.25_a.eps,107898.eps,107898.06.eps,107898.15.eps,107898.18.eps,107898.22.eps,107898.25 .eps,,,,,,,,,,,,
10789806,Aucun fichier trouvé,,,,,,,,,,,,,,,,,,,,,,,,,,,
10789815,Aucun fichier trouvé,,,,,,,,,,,,,,,,,,,,,,,,,,,
10789818,Aucun fichier trouvé,,,,,,,,,,,,,,,,,,,,,,,,,,,
10789822,Aucun fichier trouvé,,,,,,,,,,,,,,,,,,,,,,,,,,,
10789825,Aucun fichier trouvé,,,,,,,,,,,,,,,,,,,,,,,,,,,
108078,108078_NL.eps,108078_NL.eps,,,,,,,,,,,,,,,,,,,,,,,,,,
108079,108079_nl.eps,108079_NL.eps,,,,,,,,,,,,,,,,,,,,,,,,,,
108109,108109.eps,,,,,,,,,,,,,,,,,,,,,,,,,,,
108132,Aucun fichier trouvé,,,,,,,,,,,,,,,,,,,,,,,,,,,
108191,Aucun fichier trouvé,,,,,,,,,,,,,,,,,,,,,,,,,,,
108288,108288.eps,,,,,,,,,,,,,,,,,,,,,,,,,,,
108289,108289.eps,,,,,,,,,,,,,,,,,,,,,,,,,,,
108290,108290.eps,,,,,,,,,,,,,,,,,,,,,,,,,,,
108291,108291.eps,,,,,,,,,,,,,,,,,,,,,,,,,,,
108304,108304.eps,,,,,,,,,,,,,,,,,,,,,,,,,,,
108305,108305.eps,,,,,,,,,,,,,,,,,,,,,,,,,,,
108306,108306.eps,,,,,,,,,,,,,,,,,,,,,,,,,,,
108421,108421.eps,,,,,,,,,,,,,,,,,,,,,,,,,,,
109849,109849.eps,109849_b.eps,,,,,,,,,,,,,,,,,,,,,,,,,,
112101,112101.eps,,,,,,,,,,,,,,,,,,,,,,,,,,,
112103,112103.eps,,,,,,,,,,,,,,,,,,,,,,,,,,,
112393,112393.eps,112393_b.eps,,,,,,,,,,,,,,,,,,,,,,,,,,
112444,112444.eps,,,,,,,,,,,,,,,,,,,,,,,,,,,
113055,113055.eps,,,,,,,,,,,,,,,,,,,,,,,,,,,
113156,113156.eps,,,,,,,,,,,,,,,,,,,,,,,,,,,
113175,113175.eps,113175_a.eps,113175_amb1.eps,113175_amb2.eps,,,,,,,,,,,,,,,,,,,,,,,,
113176,113176.eps,113176_a.eps,113176_amb1.eps,,,,,,,,,,,,,,,,,,,,,,,,,
113177,113177.eps,113177_a.eps,113177_amb1.eps,,,,,,,,,,,,,,,,,,,,,,,,,
113178,113178.eps,113178_a.eps,113178_amb1.eps,,,,,,,,,,,,,,,,,,,,,,,,,
113367,113367.02.eps,113367.06.eps,113367.14.eps,113367.15.eps,113367.18.eps,113367.19.eps,113367.22.eps,,,,,,,,,,,,,,,,,,,,,
11336702,Aucun fichier trouvé,,,,,,,,,,,,,,,,,,,,,,,,,,,
11336706,Aucun fichier trouvé,,,,,,,,,,,,,,,,,,,,,,,,,,,
11336714,Aucun fichier trouvé,,,,,,,,,,,,,,,,,,,,,,,,,,,
11336715,Aucun fichier trouvé,,,,,,,,,,,,,,,,,,,,,,,,,,,
11336718,Aucun fichier trouvé,,,,,,,,,,,,,,,,,,,,,,,,,,,
11336719,Aucun fichier trouvé,,,,,,,,,,,,,,,,,,,,,,,,,,,
11336722,Aucun fichier trouvé,,,,,,,,,,,,,,,,,,,,,,,,,,,
113533,113533.eps,,,,,,,,,,,,,,,,,,,,,,,,,,,
113534,113534.eps,,,,,,,,,,,,,,,,,,,,,,,,,,,
113782,113782.eps,113782.eps,,,,,,,,,,,,,,,,,,,,,,,,,,
114253,114253.eps,114253.eps,,,,,,,,,,,,,,,,,,,,,,,,,,
114254,114254.eps,114254.eps,,,,,,,,,,,,,,,,,,,,,,,,,,
114255,114255.eps,114255.eps,,,,,,,,,,,,,,,,,,,,,,,,,,
115068,115068.eps,115068.eps,,,,,,,,,,,,,,,,,,,,,,,,,,
115069,115069.eps,,,,,,,,,,,,,,,,,,,,,,,,,,,
115071,115071.eps,,,,,,,,,,,,,,,,,,,,,,,,,,,
115072,115072.eps,,,,,,,,,,,,,,,,,,,,,,,,,,,
115073,115073.eps,,,,,,,,,,,,,,,,,,,,,,,,,,,
115280,115280.eps,115280_a.eps,115280_amb1.eps,,,,,,,,,,,,,,,,,,,,,,,,,
115618,115618.eps,115618_a.eps,115618_amb1.eps,,,,,,,,,,,,,,,,,,,,,,,,,
115620,115620.eps,115620_a.eps,,,,,,,,,,,,,,,,,,,,,,,,,,
115623,115623.eps,115623_a.eps,,,,,,,,,,,,,,,,,,,,,,,,,,
115628,115628.eps,115628_a.eps,,,,,,,,,,,,,,,,,,,,,,,,,,
115630,115630.eps,115630_a.eps,,,,,,,,,,,,,,,,,,,,,,,,,,
115811,115811.eps,115811.eps,115811_a.eps,115811_b.eps,,,,,,,,,,,,,,,,,,,,,,,,
116096,116096_120135.eps,116096_a.eps,,,,,,,,,,,,,,,,,,,,,,,,,,
116100,116100.eps,116100_schema.eps,,,,,,,,,,,,,,,,,,,,,,,,,,
116124,116124_120161.eps,,,,,,,,,,,,,,,,,,,,,,,,,,,
116208,116208.eps,116208.eps,,,,,,,,,,,,,,,,,,,,,,,,,,
116211,116211.eps,116211_b.eps,,,,,,,,,,,,,,,,,,,,,,,,,,
116438,116438.eps,116438_a.eps,,,,,,,,,,,,,,,,,,,,,,,,,,
116439,116439_a.eps,116439_b.eps,,,,,,,,,,,,,,,,,,,,,,,,,,
116440,116440_a.eps,116440_b.eps,,,,,,,,,,,,,,,,,,,,,,,,,,
116441,116441_a.eps,116441_b.eps,,,,,,,,,,,,,,,,,,,,,,,,,,
116861,116861.eps,116861_a.eps,,,,,,,,,,,,,,,,,,,,,,,,,,
116869,116869.eps,116869_870_118006_125876.eps,116869_schema.eps,,,,,,,,,,,,,,,,,,,,,,,,,
116870,116870.eps,,,,,,,,,,,,,,,,,,,,,,,,,,,
116871,116871.eps,,,,,,,,,,,,,,,,,,,,,,,,,,,
116875,116875.eps,,,,,,,,,,,,,,,,,,,,,,,,,,,
116888,116888.eps,,,,,,,,,,,,,,,,,,,,,,,,,,,
116909,116909.eps,,,,,,,,,,,,,,,,,,,,,,,,,,,
116912,116912.eps,,,,,,,,,,,,,,,,,,,,,,,,,,,
116915,116915.eps,116915_a.eps,116915_b.eps,,,,,,,,,,,,,,,,,,,,,,,,,
116917,116917.eps,116917_amb.eps,,,,,,,,,,,,,,,,,,,,,,,,,,
116918,116918.eps,,,,,,,,,,,,,,,,,,,,,,,,,,,
116921,116921.eps,,,,,,,,,,,,,,,,,,,,,,,,,,,
116938,116938.eps,,,,,,,,,,,,,,,,,,,,,,,,,,,
116939,116939_sit1.eps,116939.eps,,,,,,,,,,,,,,,,,,,,,,,,,,
116947,116947.eps,,,,,,,,,,,,,,,,,,,,,,,,,,,
116949,116949.eps,,,,,,,,,,,,,,,,,,,,,,,,,,,
119670,119670.eps,119670_b.eps,,,,,,,,,,,,,,,,,,,,,,,,,,
119671,119671.eps,119671_b.eps,,,,,,,,,,,,,,,,,,,,,,,,,,
119672,119672.eps,119672_amb1.eps,119672_amb2.eps,119672_b.eps,,,,,,,,,,,,,,,,,,,,,,,,
119673,119673.eps,119673_74_75_amb.eps,119673_b.eps,,,,,,,,,,,,,,,,,,,,,,,,,
119674,119674.eps,119674_b.eps,,,,,,,,,,,,,,,,,,,,,,,,,,
119675,119675.eps,119675_b.eps,,,,,,,,,,,,,,,,,,,,,,,,,,
119676,shutterstock_661196764.jpg,119676.eps,119676_77_amb.eps,119676_a.eps,119676_amb.eps,119676_b.eps,,,,,,,,,,,,,,,,,,,,,,
119677,119677.eps,119677_a.eps,119677_amb1.eps,119677_b.eps,,,,,,,,,,,,,,,,,,,,,,,,
119823,119823.eps,,,,,,,,,,,,,,,,,,,,,,,,,,,
119825,119825.eps,,,,,,,,,,,,,,,,,,,,,,,,,,,
120232,107191_120232.eps,,,,,,,,,,,,,,,,,,,,,,,,,,,
120234,109927_120234.eps,109927_120234_b.eps,,,,,,,,,,,,,,,,,,,,,,,,,,
120243,288758_120243.eps,,,,,,,,,,,,,,,,,,,,,,,,,,,
120245,120245.eps,,,,,,,,,,,,,,,,,,,,,,,,,,,
120246,120246.eps,,,,,,,,,,,,,,,,,,,,,,,,,,,
120436,120436.eps,120436_Amb1.eps,120436_amb2.eps,,,,,,,,,,,,,,,,,,,,,,,,,
120440,120440.eps,,,,,,,,,,,,,,,,,,,,,,,,,,,
120441,120441.eps,120441_amb1.eps,120441_Amb2.eps,120441_Amb3.eps,,,,,,,,,,,,,,,,,,,,,,,,
120524,120524.eps,,,,,,,,,,,,,,,,,,,,,,,,,,,
120525,120525.eps,,,,,,,,,,,,,,,,,,,,,,,,,,,
120526,120526.eps,,,,,,,,,,,,,,,,,,,,,,,,,,,
120527,120527.eps,,,,,,,,,,,,,,,,,,,,,,,,,,,
120528,120528.eps,,,,,,,,,,,,,,,,,,,,,,,,,,,
120529,120529.eps,,,,,,,,,,,,,,,,,,,,,,,,,,,
120530,120530.eps,,,,,,,,,,,,,,,,,,,,,,,,,,,
120531,120531.eps,,,,,,,,,,,,,,,,,,,,,,,,,,,
120532,120532.eps,,,,,,,,,,,,,,,,,,,,,,,,,,,
121355,121355.eps,,,,,,,,,,,,,,,,,,,,,,,,,,,
121356,121356.eps,,,,,,,,,,,,,,,,,,,,,,,,,,,
121363,121363.eps,121363_a.eps,,,,,,,,,,,,,,,,,,,,,,,,,,
121367,121367.eps,121367.eps,,,,,,,,,,,,,,,,,,,,,,,,,,
121368,121368.eps,,,,,,,,,,,,,,,,,,,,,,,,,,,
121390,121390.eps,,,,,,,,,,,,,,,,,,,,,,,,,,,
121397,121397.eps,,,,,,,,,,,,,,,,,,,,,,,,,,,
121425,121425.eps,,,,,,,,,,,,,,,,,,,,,,,,,,,
121615,121615.eps,121615.eps,,,,,,,,,,,,,,,,,,,,,,,,,,
121616,121616.eps,121616.eps,,,,,,,,,,,,,,,,,,,,,,,,,,
121617,121617.eps,121617.eps,,,,,,,,,,,,,,,,,,,,,,,,,,
123138,106965_123138.eps,123138.eps,123138.eps,,,,,,,,,,,,,,,,,,,,,,,,,
124085,124085_a.eps,124085_b.eps,124085_c.eps,,,,,,,,,,,,,,,,,,,,,,,,,
124263,124263.eps,,,,,,,,,,,,,,,,,,,,,,,,,,,
124354,124354.eps,,,,,,,,,,,,,,,,,,,,,,,,,,,
124438,124438.eps,124438.eps,,,,,,,,,,,,,,,,,,,,,,,,,,
124440,124440.eps,,,,,,,,,,,,,,,,,,,,,,,,,,,
124442,124442.eps,124442_b.eps,,,,,,,,,,,,,,,,,,,,,,,,,,
124445,124445.eps,124445_a.eps,,,,,,,,,,,,,,,,,,,,,,,,,,
124446,124446.eps,124446_a.eps,124446.eps,,,,,,,,,,,,,,,,,,,,,,,,,
124447,124447.eps,124447_a.eps,124447.eps,,,,,,,,,,,,,,,,,,,,,,,,,
124448,124448_a.eps,124448_b.eps,,,,,,,,,,,,,,,,,,,,,,,,,,
124468,124468.eps,124468_sit1.eps,,,,,,,,,,,,,,,,,,,,,,,,,,
124469,124469.eps,124469_sit1.eps,,,,,,,,,,,,,,,,,,,,,,,,,,
124479,shutterstock_664124479.eps,124479.eps,,,,,,,,,,,,,,,,,,,,,,,,,,
124933,124933.eps,124933_a.eps,124933_e.eps,124933_f.eps,,,,,,,,,,,,,,,,,,,,,,,,
128128,128128 _a.eps,128128.eps,128128_amb1.eps,128128.35_ens.eps,,,,,,,,,,,,,,,,,,,,,,,,
12812835,Aucun fichier trouvé,,,,,,,,,,,,,,,,,,,,,,,,,,,
12812837,Aucun fichier trouvé,,,,,,,,,,,,,,,,,,,,,,,,,,,
12812838,Aucun fichier trouvé,,,,,,,,,,,,,,,,,,,,,,,,,,,
12812839,Aucun fichier trouvé,,,,,,,,,,,,,,,,,,,,,,,,,,,
12812843,Aucun fichier trouvé,,,,,,,,,,,,,,,,,,,,,,,,,,,
12812848,Aucun fichier trouvé,,,,,,,,,,,,,,,,,,,,,,,,,,,
12812849,Aucun fichier trouvé,,,,,,,,,,,,,,,,,,,,,,,,,,,
128270,128270.eps,128270_a.eps,128270_b.eps,128270_c.eps,,,,,,,,,,,,,,,,,,,,,,,,
128283,128283.eps,128283_a.eps,,,,,,,,,,,,,,,,,,,,,,,,,,
129069,129069.eps,,,,,,,,,,,,,,,,,,,,,,,,,,,
129070,129070.eps,,,,,,,,,,,,,,,,,,,,,,,,,,,
129076,129076.eps,,,,,,,,,,,,,,,,,,,,,,,,,,,
129077,129077.eps,,,,,,,,,,,,,,,,,,,,,,,,,,,
129078,129078.eps,,,,,,,,,,,,,,,,,,,,,,,,,,,
129080,129080.eps,,,,,,,,,,,,,,,,,,,,,,,,,,,
129085,129085.eps,,,,,,,,,,,,,,,,,,,,,,,,,,,
129087,129087.eps,,,,,,,,,,,,,,,,,,,,,,,,,,,
129093,129093.eps,,,,,,,,,,,,,,,,,,,,,,,,,,,
129101,129101.eps,129101_a.eps,129101_b.eps,129101_c.eps,129101_d.eps,129101_e.eps,,,,,,,,,,,,,,,,,,,,,,
129166,129166.eps,129166_a.eps,129166_amb1.eps,129166_b.eps,129166_c.eps,,,,,,,,,,,,,,,,,,,,,,,
12916607,Aucun fichier trouvé,,,,,,,,,,,,,,,,,,,,,,,,,,,
12916615,Aucun fichier trouvé,,,,,,,,,,,,,,,,,,,,,,,,,,,
12916618,Aucun fichier trouvé,,,,,,,,,,,,,,,,,,,,,,,,,,,
134387,134387.eps,134387.eps,134387_b.eps,,,,,,,,,,,,,,,,,,,,,,,,,
13438740,Aucun fichier trouvé,,,,,,,,,,,,,,,,,,,,,,,,,,,
13438741,Aucun fichier trouvé,,,,,,,,,,,,,,,,,,,,,,,,,,,
13438742,Aucun fichier trouvé,,,,,,,,,,,,,,,,,,,,,,,,,,,
13438743,Aucun fichier trouvé,,,,,,,,,,,,,,,,,,,,,,,,,,,
134894,134894.eps,,,,,,,,,,,,,,,,,,,,,,,,,,,
134895,134895.eps,134895_a.eps,,,,,,,,,,,,,,,,,,,,,,,,,,
134896,134896.eps,,,,,,,,,,,,,,,,,,,,,,,,,,,
140541,140541.eps,,,,,,,,,,,,,,,,,,,,,,,,,,,
140542,140542.eps,,,,,,,,,,,,,,,,,,,,,,,,,,,
140855,140855.eps,140855_a.eps,140855_b.eps,140855_c.eps,140855_d.eps,,,,,,,,,,,,,,,,,,,,,,,
140856,Aucun fichier trouvé,,,,,,,,,,,,,,,,,,,,,,,,,,,
140859,Aucun fichier trouvé,,,,,,,,,,,,,,,,,,,,,,,,,,,
140860,Aucun fichier trouvé,,,,,,,,,,,,,,,,,,,,,,,,,,,
143016,Aucun fichier trouvé,,,,,,,,,,,,,,,,,,,,,,,,,,,
146236,146236.eps,,,,,,,,,,,,,,,,,,,,,,,,,,,
146420,146420.eps,,,,,,,,,,,,,,,,,,,,,,,,,,,
146863,146863.eps,146863_a.eps,146863_b.eps,146863_c.eps,146863_d.eps,,,,,,,,,,,,,,,,,,,,,,,
14686336,Aucun fichier trouvé,,,,,,,,,,,,,,,,,,,,,,,,,,,
14686337,Aucun fichier trouvé,,,,,,,,,,,,,,,,,,,,,,,,,,,
14686338,Aucun fichier trouvé,,,,,,,,,,,,,,,,,,,,,,,,,,,
14686339,Aucun fichier trouvé,,,,,,,,,,,,,,,,,,,,,,,,,,,
14686340,Aucun fichier trouvé,,,,,,,,,,,,,,,,,,,,,,,,,,,
14686341,Aucun fichier trouvé,,,,,,,,,,,,,,,,,,,,,,,,,,,
14686342,Aucun fichier trouvé,,,,,,,,,,,,,,,,,,,,,,,,,,,
14686343,Aucun fichier trouvé,,,,,,,,,,,,,,,,,,,,,,,,,,,
14686344,Aucun fichier trouvé,,,,,,,,,,,,,,,,,,,,,,,,,,,
14686345,Aucun fichier trouvé,,,,,,,,,,,,,,,,,,,,,,,,,,,
14686346,Aucun fichier trouvé,,,,,,,,,,,,,,,,,,,,,,,,,,,
14686347,Aucun fichier trouvé,,,,,,,,,,,,,,,,,,,,,,,,,,,
14686348,Aucun fichier trouvé,,,,,,,,,,,,,,,,,,,,,,,,,,,
147798,147798.eps,147798_a.eps,,,,,,,,,,,,,,,,,,,,,,,,,,
14779803,Aucun fichier trouvé,,,,,,,,,,,,,,,,,,,,,,,,,,,
14779804,Aucun fichier trouvé,,,,,,,,,,,,,,,,,,,,,,,,,,,
14779805,Aucun fichier trouvé,,,,,,,,,,,,,,,,,,,,,,,,,,,
14779806,Aucun fichier trouvé,,,,,,,,,,,,,,,,,,,,,,,,,,,
14779807,Aucun fichier trouvé,,,,,,,,,,,,,,,,,,,,,,,,,,,
14779808,Aucun fichier trouvé,,,,,,,,,,,,,,,,,,,,,,,,,,,
14779809,Aucun fichier trouvé,,,,,,,,,,,,,,,,,,,,,,,,,,,
14779810,Aucun fichier trouvé,,,,,,,,,,,,,,,,,,,,,,,,,,,
148038,148038.eps,,,,,,,,,,,,,,,,,,,,,,,,,,,
148039,148039.eps,,,,,,,,,,,,,,,,,,,,,,,,,,,
148040,148040.eps,,,,,,,,,,,,,,,,,,,,,,,,,,,
150168,150168.eps,150168_a.eps,150168_b.eps,150168_c.eps,,,,,,,,,,,,,,,,,,,,,,,,
150169,150169.eps,,,,,,,,,,,,,,,,,,,,,,,,,,,
150170,150170.eps,150170_a.eps,150170_b.eps,,,,,,,,,,,,,,,,,,,,,,,,,
312700,312700_701.eps,,,,,,,,,,,,,,,,,,,,,,,,,,,
312802,312802_312803.eps,312802_803_loupe1.eps,312802_sit.eps,,,,,,,,,,,,,,,,,,,,,,,,,
315029,315029_loupe2.eps,315029_sit1.eps,,,,,,,,,,,,,,,,,,,,,,,,,,
315031,315031_loupe2.eps,315031_sit1.eps,,,,,,,,,,,,,,,,,,,,,,,,,,
315034,shutterstock_315034769.jpg,315034_loupe2.eps,315034_sit1.eps,,,,,,,,,,,,,,,,,,,,,,,,,
315036,315036_loupe2.eps,315036_sit1.eps,,,,,,,,,,,,,,,,,,,,,,,,,,
662573,Aucun fichier trouvé,,,,,,,,,,,,,,,,,,,,,,,,,,,
662574,Aucun fichier trouvé,,,,,,,,,,,,,,,,,,,,,,,,,,,
662575,Aucun fichier trouvé,,,,,,,,,,,,,,,,,,,,,,,,,,,
662576,Aucun fichier trouvé,,,,,,,,,,,,,,,,,,,,,,,,,,,
662577,Aucun fichier trouvé,,,,,,,,,,,,,,,,,,,,,,,,,,,
662578,Aucun fichier trouvé,,,,,,,,,,,,,,,,,,,,,,,,,,,
662579,Aucun fichier trouvé,,,,,,,,,,,,,,,,,,,,,,,,,,,
662580,Aucun fichier trouvé,,,,,,,,,,,,,,,,,,,,,,,,,,,
662581,Aucun fichier trouvé,,,,,,,,,,,,,,,,,,,,,,,,,,,
662582,Aucun fichier trouvé,,,,,,,,,,,,,,,,,,,,,,,,,,,
662583,Aucun fichier trouvé,,,,,,,,,,,,,,,,,,,,,,,,,,,
662584,Aucun fichier trouvé,,,,,,,,,,,,,,,,,,,,,,,,,,,
662585,Aucun fichier trouvé,,,,,,,,,,,,,,,,,,,,,,,,,,,
662586,Aucun fichier trouvé,,,,,,,,,,,,,,,,,,,,,,,,,,,
662587,Aucun fichier trouvé,,,,,,,,,,,,,,,,,,,,,,,,,,,
662588,Aucun fichier trouvé,,,,,,,,,,,,,,,,,,,,,,,,,,,
662589,Aucun fichier trouvé,,,,,,,,,,,,,,,,,,,,,,,,,,,
662590,Aucun fichier trouvé,,,,,,,,,,,,,,,,,,,,,,,,,,,
662591,Aucun fichier trouvé,,,,,,,,,,,,,,,,,,,,,,,,,,,
662592,Aucun fichier trouvé,,,,,,,,,,,,,,,,,,,,,,,,,,,
662593,Aucun fichier trouvé,,,,,,,,,,,,,,,,,,,,,,,,,,,
662594,Aucun fichier trouvé,,,,,,,,,,,,,,,,,,,,,,,,,,,
662595,Aucun fichier trouvé,,,,,,,,,,,,,,,,,,,,,,,,,,,
662596,Aucun fichier trouvé,,,,,,,,,,,,,,,,,,,,,,,,,,,
662597,Aucun fichier trouvé,,,,,,,,,,,,,,,,,,,,,,,,,,,
662598,Aucun fichier trouvé,,,,,,,,,,,,,,,,,,,,,,,,,,,
662599,Aucun fichier trouvé,,,,,,,,,,,,,,,,,,,,,,,,,,,
662600,Aucun fichier trouvé,,,,,,,,,,,,,,,,,,,,,,,,,,,
W26790,Aucun fichier trouvé,,,,,,,,,,,,,,,,,,,,,,,,,,,
W26791,Aucun fichier trouvé,,,,,,,,,,,,,,,,,,,,,,,,,,,
W26792,Aucun fichier trouvé,,,,,,,,,,,,,,,,,,,,,,,,,,,
W26793,Aucun fichier trouvé,,,,,,,,,,,,,,,,,,,,,,,,,,,
W26794,Aucun fichier trouvé,,,,,,,,,,,,,,,,,,,,,,,,,,,
W26795,Aucun fichier trouvé,,,,,,,,,,,,,,,,,,,,,,,,,,,
W26796,Aucun fichier trouvé,,,,,,,,,,,,,,,,,,,,,,,,,,,
W26799,Aucun fichier trouvé,,,,,,,,,,,,,,,,,,,,,,,,,,,
W26800,Aucun fichier trouvé,,,,,,,,,,,,,,,,,,,,,,,,,,,
W26801,Aucun fichier trouvé,,,,,,,,,,,,,,,,,,,,,,,,,,,
W26802,Aucun fichier trouvé,,,,,,,,,,,,,,,,,,,,,,,,,,,
W26803,Aucun fichier trouvé,,,,,,,,,,,,,,,,,,,,,,,,,,,
W26804,Aucun fichier trouvé,,,,,,,,,,,,,,,,,,,,,,,,,,,
W26806,Aucun fichier trouvé,,,,,,,,,,,,,,,,,,,,,,,,,,,
W26807,Aucun fichier trouvé,,,,,,,,,,,,,,,,,,,,,,,,,,,
W26808,Aucun fichier trouvé,,,,,,,,,,,,,,,,,,,,,,,,,,,
W26810,Aucun fichier trouvé,,,,,,,,,,,,,,,,,,,,,,,,,,,
W26812,Aucun fichier trouvé,,,,,,,,,,,,,,,,,,,,,,,,,,,
W26817,Aucun fichier trouvé,,,,,,,,,,,,,,,,,,,,,,,,,,,
W26818,Aucun fichier trouvé,,,,,,,,,,,,,,,,,,,,,,,,,,,
W26819,Aucun fichier trouvé,,,,,,,,,,,,,,,,,,,,,,,,,,,
W26820,Aucun fichier trouvé,,,,,,,,,,,,,,,,,,,,,,,,,,,
W26821,Aucun fichier trouvé,,,,,,,,,,,,,,,,,,,,,,,,,,,
W26822,Aucun fichier trouvé,,,,,,,,,,,,,,,,,,,,,,,,,,,
ZBG2659192RISOSO,Aucun fichier trouvé,,,,,,,,,,,,,,,,,,,,,,,,,,,
ZBG2659198MGSASA,Aucun fichier trouvé,,,,,,,,,,,,,,,,,,,,,,,,,,,
ZBG2659198MGSOSO,Aucun fichier trouvé,,,,,,,,,,,,,,,,,,,,,,,,,,,
ZBG2659198RHSASA,Aucun fichier trouvé,,,,,,,,,,,,,,,,,,,,,,,,,,,
ZBG2659198RHSOSO,Aucun fichier trouvé,,,,,,,,,,,,,,,,,,,,,,,,,,,
ZBG2659198RISASA,Aucun fichier trouvé,,,,,,,,,,,,,,,,,,,,,,,,,,,
ZBG2659198RISOSO,Aucun fichier trouvé,,,,,,,,,,,,,,,,,,,,,,,,,,,
ZBG2659230MGSASA,Aucun fichier trouvé,,,,,,,,,,,,,,,,,,,,,,,,,,,
ZBG2659230MGSOSO,Aucun fichier trouvé,,,,,,,,,,,,,,,,,,,,,,,,,,,
ZBG2659230RHSASA,Aucun fichier trouvé,,,,,,,,,,,,,,,,,,,,,,,,,,,
ZBG2659230RHSOSO,Aucun fichier trouvé,,,,,,,,,,,,,,,,,,,,,,,,,,,
ZBG2659230RISASA,Aucun fichier trouvé,,,,,,,,,,,,,,,,,,,,,,,,,,,
ZBG2659230RISOSO,Aucun fichier trouvé,,,,,,,,,,,,,,,,,,,,,,,,,,,
ZBG2659232MGSASA,Aucun fichier trouvé,,,,,,,,,,,,,,,,,,,,,,,,,,,
ZBG2659232MGSOSO,Aucun fichier trouvé,,,,,,,,,,,,,,,,,,,,,,,,,,,
ZBG2659232RHSASA,Aucun fichier trouvé,,,,,,,,,,,,,,,,,,,,,,,,,,,
ZBG2659232RHSOSO,Aucun fichier trouvé,,,,,,,,,,,,,,,,,,,,,,,,,,,
ZBG2659232RISASA,Aucun fichier trouvé,,,,,,,,,,,,,,,,,,,,,,,,,,,
